Path;SteerAngle;Throttle;Brake;Speed;X_Position;Y_Position;Pitch;Yaw;Roll
/home/anupam/roversim/data/IMG/robocam_2018_03_08_23_52_12_836.jpg;0;0;1;0;99.66999;85.58897;0.0002364477;54.45903;4.704314E-07
/home/anupam/roversim/data/IMG/robocam_2018_03_08_23_52_12_860.jpg;0;0;0;0;99.66999;85.58897;0.0002363623;54.45903;3.87042E-07
/home/anupam/roversim/data/IMG/robocam_2018_03_08_23_52_12_912.jpg;0;0;0;0;99.66999;85.58897;0.0002363623;54.45903;3.87042E-07
/home/anupam/roversim/data/IMG/robocam_2018_03_08_23_52_12_980.jpg;0;0;0;0;99.66999;85.58897;0.0002364477;54.45903;4.704314E-07
/home/anupam/roversim/data/IMG/robocam_2018_03_08_23_52_13_047.jpg;0;0;0;0;99.66999;85.58897;0.0002364314;54.45903;5.212453E-07
/home/anupam/roversim/data/IMG/robocam_2018_03_08_23_52_13_113.jpg;0;0;0;0;99.66999;85.58897;0.0002363461;54.45903;4.37856E-07
/home/anupam/roversim/data/IMG/robocam_2018_03_08_23_52_13_179.jpg;0;0;0;0;99.66999;85.58897;0.0002362281;54.45903;4.561011E-07
/home/anupam/roversim/data/IMG/robocam_2018_03_08_23_52_13_246.jpg;0;0;0;0;99.66999;85.58897;0.0002361956;54.45903;5.57729E-07
/home/anupam/roversim/data/IMG/robocam_2018_03_08_23_52_13_313.jpg;0;0;0;0;99.66999;85.58897;0.0002360777;54.45903;5.759676E-07
/home/anupam/roversim/data/IMG/robocam_2018_03_08_23_52_13_379.jpg;0;0;0;0;99.66999;85.58897;0.0002359597;54.45903;5.942192E-07
/home/anupam/roversim/data/IMG/robocam_2018_03_08_23_52_13_446.jpg;0;0;0;0;99.66999;85.58897;0.0002357402;54.45903;5.798889E-07
/home/anupam/roversim/data/IMG/robocam_2018_03_08_23_52_13_513.jpg;0;0;0;0;99.66999;85.58897;0.0002358092;54.45903;7.140856E-07
/home/anupam/roversim/data/IMG/robocam_2018_03_08_23_52_13_579.jpg;0;0;0;0;99.66999;85.58897;0.0002356913;54.45903;7.323307E-07
/home/anupam/roversim/data/IMG/robocam_2018_03_08_23_52_13_646.jpg;0;0;0;0;99.66999;85.58897;0.000235675;54.45903;7.831447E-07
/home/anupam/roversim/data/IMG/robocam_2018_03_08_23_52_13_713.jpg;0;0;0;0;99.66999;85.58897;0.0002355734;54.45903;7.505693E-07
/home/anupam/roversim/data/IMG/robocam_2018_03_08_23_52_13_780.jpg;0;0;0;0;99.66999;85.58897;0.000235606;54.45903;6.489414E-07
/home/anupam/roversim/data/IMG/robocam_2018_03_08_23_52_13_846.jpg;0;0;0;0;99.66999;85.58897;0.000235793;54.45903;7.648996E-07
/home/anupam/roversim/data/IMG/robocam_2018_03_08_23_52_13_914.jpg;0;0;0;0;99.66999;85.58897;0.0002358092;54.45903;7.140856E-07
/home/anupam/roversim/data/IMG/robocam_2018_03_08_23_52_13_979.jpg;0;0;0;0;99.66999;85.58897;0.0002358581;54.45903;5.616438E-07
/home/anupam/roversim/data/IMG/robocam_2018_03_08_23_52_14_046.jpg;0;0;0;0;99.66999;85.58897;0.0002358907;54.45903;4.600093E-07
/home/anupam/roversim/data/IMG/robocam_2018_03_08_23_52_14_113.jpg;0;0;0;0;99.66999;85.58897;0.0002360777;54.45903;5.759676E-07
/home/anupam/roversim/data/IMG/robocam_2018_03_08_23_52_14_179.jpg;0;0;0;0;99.66999;85.58897;0.0002361956;54.45903;5.57729E-07
/home/anupam/roversim/data/IMG/robocam_2018_03_08_23_52_14_246.jpg;0;0;0;0;99.66999;85.58897;0.0002362281;54.45903;4.561011E-07
/home/anupam/roversim/data/IMG/robocam_2018_03_08_23_52_14_313.jpg;0;0;0;0;99.66999;85.58897;0.0002361428;54.45903;3.727117E-07
/home/anupam/roversim/data/IMG/robocam_2018_03_08_23_52_14_380.jpg;0;0;0;0;99.66999;85.58897;0.0002362281;54.45903;4.561011E-07
/home/anupam/roversim/data/IMG/robocam_2018_03_08_23_52_14_446.jpg;0;0;0;0;99.66999;85.58897;0.0002362281;54.45903;4.561011E-07
/home/anupam/roversim/data/IMG/robocam_2018_03_08_23_52_14_513.jpg;0;0.1010971;0;0;99.66982;85.58874;359.9933;54.45915;7.462182E-07
/home/anupam/roversim/data/IMG/robocam_2018_03_08_23_52_14_579.jpg;0;0.3005426;0;0.01762632;99.67037;85.58951;0.01458453;54.56436;3.831476E-05
/home/anupam/roversim/data/IMG/robocam_2018_03_08_23_52_14_646.jpg;0;0.4993708;0;0;99.67257;85.5926;0.09437955;54.48817;8.732349E-05
/home/anupam/roversim/data/IMG/robocam_2018_03_08_23_52_14_713.jpg;0;0.7020714;0;0.05606919;99.67579;85.59709;0.2045803;54.42478;0.0002507576
/home/anupam/roversim/data/IMG/robocam_2018_03_08_23_52_14_779.jpg;0;0.8988597;0;0.09991058;99.6813;85.60481;0.3896096;54.56469;-0.0004462805
/home/anupam/roversim/data/IMG/robocam_2018_03_08_23_52_14_846.jpg;0;1;0;0.1461727;99.69167;85.61934;0.6837646;54.62119;-0.0003492983
/home/anupam/roversim/data/IMG/robocam_2018_03_08_23_52_14_913.jpg;0;1;0;0.2008541;99.702;85.63376;0.9415641;54.50863;-0.000453415
/home/anupam/roversim/data/IMG/robocam_2018_03_08_23_52_14_979.jpg;0;1;0;0.256069;99.71371;85.65009;1.187908;54.3937;-9.073294E-07
/home/anupam/roversim/data/IMG/robocam_2018_03_08_23_52_15_046.jpg;0;1;0;0.3151898;99.72954;85.67209;1.284511;54.46718;-0.004524269
/home/anupam/roversim/data/IMG/robocam_2018_03_08_23_52_15_113.jpg;0;1;0;0.3786138;99.74242;85.68983;1.178779;54.51439;-0.00222295
/home/anupam/roversim/data/IMG/robocam_2018_03_08_23_52_15_179.jpg;0;1;0;0.4508086;99.75721;85.7103;1.102445;54.43228;0.00098002
/home/anupam/roversim/data/IMG/robocam_2018_03_08_23_52_15_246.jpg;0;1;0;0.4945163;99.78079;85.743;1.108255;54.45011;-0.001043533
/home/anupam/roversim/data/IMG/robocam_2018_03_08_23_52_15_313.jpg;0;1;0;0.5377336;99.80086;85.77094;1.166123;54.43525;0.0002251227
/home/anupam/roversim/data/IMG/robocam_2018_03_08_23_52_15_379.jpg;0;1;0;0.6074743;99.82263;85.80133;1.228724;54.26825;0.000765504
/home/anupam/roversim/data/IMG/robocam_2018_03_08_23_52_15_446.jpg;0;1;0;0.6382488;99.85348;85.84417;1.220696;54.25824;-0.002168464
/home/anupam/roversim/data/IMG/robocam_2018_03_08_23_52_15_513.jpg;0;1;0;0.7101692;99.87837;85.87857;1.186046;54.31245;-0.001445935
/home/anupam/roversim/data/IMG/robocam_2018_03_08_23_52_15_579.jpg;0;1;0;0.7754217;99.90578;85.91643;1.198454;54.33762;-0.001121917
/home/anupam/roversim/data/IMG/robocam_2018_03_08_23_52_15_646.jpg;0;1;0;0.8205462;99.9448;85.97041;1.20915;54.30513;-0.001255807
/home/anupam/roversim/data/IMG/robocam_2018_03_08_23_52_15_713.jpg;0;1;0;0.8651631;99.97627;86.01389;1.218799;54.29416;-0.0006346841
/home/anupam/roversim/data/IMG/robocam_2018_03_08_23_52_15_779.jpg;0;1;0;0.944516;100.0096;86.05994;1.226923;54.30507;-0.001097324
/home/anupam/roversim/data/IMG/robocam_2018_03_08_23_52_15_846.jpg;0;1;0;0.9933091;100.0566;86.12471;1.218701;54.29625;-0.001021158
/home/anupam/roversim/data/IMG/robocam_2018_03_08_23_52_15_913.jpg;0;1;0;1.041376;100.0937;86.17592;1.216669;54.29922;-0.0004937258
/home/anupam/roversim/data/IMG/robocam_2018_03_08_23_52_15_979.jpg;0;1;0;1.102642;100.1325;86.22954;1.223924;54.33171;-0.001281726
/home/anupam/roversim/data/IMG/robocam_2018_03_08_23_52_16_046.jpg;0;1;0;1.146076;100.1868;86.30445;1.223353;54.31902;-0.0005000785
/home/anupam/roversim/data/IMG/robocam_2018_03_08_23_52_16_107.jpg;0;1;0;1.195087;100.2294;86.36327;1.224389;54.2949;-0.0008628019
/home/anupam/roversim/data/IMG/robocam_2018_03_08_23_52_16_179.jpg;0;1;0;1.257953;100.2737;86.42451;1.229673;54.25891;-0.0007922976
/home/anupam/roversim/data/IMG/robocam_2018_03_08_23_52_16_246.jpg;0;1;0;1.305156;100.3356;86.50974;1.238538;54.22009;-0.000732789
/home/anupam/roversim/data/IMG/robocam_2018_03_08_23_52_16_313.jpg;-2.987509;0.8008327;0;1.35106;100.3844;86.57547;1.237803;54.04316;0.0004167388
/home/anupam/roversim/data/IMG/robocam_2018_03_08_23_52_16_378.jpg;-5.932392;0.6045072;0;1.399419;100.4356;86.64186;1.231579;53.63936;0.001374546
/home/anupam/roversim/data/IMG/robocam_2018_03_08_23_52_16_446.jpg;-8.999906;0.4000063;0;1.421119;100.5073;86.72959;1.19774;52.69134;359.9754
/home/anupam/roversim/data/IMG/robocam_2018_03_08_23_52_16_511.jpg;-12.00231;0.1998463;0;1.433816;100.5634;86.79333;1.123142;51.68176;359.9187
/home/anupam/roversim/data/IMG/robocam_2018_03_08_23_52_16_579.jpg;-14.99445;0.0003700256;0;1.435239;100.6212;86.85439;1.00285;50.45327;359.8155
/home/anupam/roversim/data/IMG/robocam_2018_03_08_23_52_16_645.jpg;-15;0;0;1.428383;100.6998;86.93192;0.7810917;48.66317;359.6256
/home/anupam/roversim/data/IMG/robocam_2018_03_08_23_52_16_712.jpg;-15;0;0;1.42227;100.7597;86.9877;0.5831362;47.32777;359.4612
/home/anupam/roversim/data/IMG/robocam_2018_03_08_23_52_16_778.jpg;-15;0;0;1.413813;100.8202;87.0416;0.3681145;46.00436;359.2833
/home/anupam/roversim/data/IMG/robocam_2018_03_08_23_52_16_845.jpg;-15;0;0;1.407174;100.9021;87.11066;0.06866999;44.25511;359.0339
/home/anupam/roversim/data/IMG/robocam_2018_03_08_23_52_16_912.jpg;-15;0;0;1.400309;100.9645;87.16128;359.8822;42.97058;358.8763
/home/anupam/roversim/data/IMG/robocam_2018_03_08_23_52_16_978.jpg;-15;0;0;1.390953;101.0284;87.21334;359.8463;41.76918;358.8719
/home/anupam/roversim/data/IMG/robocam_2018_03_08_23_52_17_045.jpg;-12.00925;0.1993833;0;1.385227;101.1174;87.28199;359.9677;40.27817;358.981
/home/anupam/roversim/data/IMG/robocam_2018_03_08_23_52_17_110.jpg;-9.022375;0.3985083;0;1.390352;101.1857;87.33252;0.05789856;39.32854;359.0717
/home/anupam/roversim/data/IMG/robocam_2018_03_08_23_52_17_178.jpg;-6.030693;0.5979538;0;1.415197;101.2551;87.38377;0.1551798;38.59394;359.1817
/home/anupam/roversim/data/IMG/robocam_2018_03_08_23_52_17_244.jpg;-3.028336;0.798111;0;1.443638;101.3502;87.45517;0.3369409;38.01658;359.3661
/home/anupam/roversim/data/IMG/robocam_2018_03_08_23_52_17_311.jpg;-0.03840208;0.9974399;0;1.479647;101.4237;87.51192;0.5244654;37.89206;359.5374
/home/anupam/roversim/data/IMG/robocam_2018_03_08_23_52_17_377.jpg;0;1;0;1.538622;101.4996;87.57116;0.7558857;37.88727;359.7187
/home/anupam/roversim/data/IMG/robocam_2018_03_08_23_52_17_444.jpg;0;1;0;1.583456;101.6048;87.65332;1.108955;37.9009;359.9602
/home/anupam/roversim/data/IMG/robocam_2018_03_08_23_52_17_510.jpg;0;1;0;1.628903;101.6864;87.71542;1.339233;37.88001;0.04316621
/home/anupam/roversim/data/IMG/robocam_2018_03_08_23_52_17_577.jpg;0;1;0;1.683136;101.7673;87.77558;1.324594;37.86499;-0.002831924
/home/anupam/roversim/data/IMG/robocam_2018_03_08_23_52_17_644.jpg;0;1;0;1.744445;101.877;87.86032;1.235431;37.92983;-0.0005761643
/home/anupam/roversim/data/IMG/robocam_2018_03_08_23_52_17_711.jpg;0;1;0;1.788749;101.9626;87.92641;1.226035;37.92235;-0.0005314357
/home/anupam/roversim/data/IMG/robocam_2018_03_08_23_52_17_777.jpg;0;1;0;1.847855;102.0508;87.99456;1.257136;37.91125;-0.0006030694
/home/anupam/roversim/data/IMG/robocam_2018_03_08_23_52_17_844.jpg;0;1;0;1.891072;102.1718;88.08801;1.307714;37.89533;-0.001125834
/home/anupam/roversim/data/IMG/robocam_2018_03_08_23_52_17_911.jpg;0;1;0;1.93706;102.2646;88.15965;1.309775;37.88313;-0.00115882
/home/anupam/roversim/data/IMG/robocam_2018_03_08_23_52_17_977.jpg;0;1;0;1.998177;102.3593;88.23275;1.293165;37.87098;-0.0007036887
/home/anupam/roversim/data/IMG/robocam_2018_03_08_23_52_18_044.jpg;0;1;0;2.043;102.4894;88.33308;1.303606;37.85187;-0.001147288
/home/anupam/roversim/data/IMG/robocam_2018_03_08_23_52_18_111.jpg;0;1;0;2.086893;102.5894;88.41011;1.304231;37.84209;-0.001168479
/home/anupam/roversim/data/IMG/robocam_2018_03_08_23_52_18_177.jpg;0;1;0;2.147016;102.6915;88.48879;1.306581;37.82903;-0.0011783
/home/anupam/roversim/data/IMG/robocam_2018_03_08_23_52_18_244.jpg;0;1;0;2.1911;102.831;88.59619;1.311841;37.81469;-0.001197251
/home/anupam/roversim/data/IMG/robocam_2018_03_08_23_52_18_311.jpg;0;1;0;2.235342;102.9381;88.67862;1.317454;37.80285;-0.001222393
/home/anupam/roversim/data/IMG/robocam_2018_03_08_23_52_18_377.jpg;0;1;0;2.294018;103.0473;88.76257;1.317068;37.79165;-0.001215027
/home/anupam/roversim/data/IMG/robocam_2018_03_08_23_52_18_444.jpg;0;1;0;2.337625;103.1962;88.87704;1.32443;37.77625;-0.001253621
/home/anupam/roversim/data/IMG/robocam_2018_03_08_23_52_18_510.jpg;0;1;0;2.381113;103.3102;88.96468;1.325983;37.76556;-0.00125549
/home/anupam/roversim/data/IMG/robocam_2018_03_08_23_52_18_577.jpg;0;1;0;2.43917;103.4264;89.05391;1.327986;37.75333;-0.001273639
/home/anupam/roversim/data/IMG/robocam_2018_03_08_23_52_18_644.jpg;0;1;0;2.482316;103.5845;89.17532;1.334598;37.73811;-0.001310364
/home/anupam/roversim/data/IMG/robocam_2018_03_08_23_52_18_710.jpg;0;1;0;2.525337;103.7056;89.2682;1.340806;37.72698;-0.001333266
/home/anupam/roversim/data/IMG/robocam_2018_03_08_23_52_18_776.jpg;0;1;0;2.582807;103.8285;89.3625;1.336778;37.71538;-0.001308124
/home/anupam/roversim/data/IMG/robocam_2018_03_08_23_52_18_843.jpg;0;1;0;2.625468;103.9958;89.49078;1.342754;37.69886;-0.001228811
/home/anupam/roversim/data/IMG/robocam_2018_03_08_23_52_18_910.jpg;0;1;0;2.667712;104.1238;89.58878;1.351451;37.68567;-0.001383552
/home/anupam/roversim/data/IMG/robocam_2018_03_08_23_52_18_977.jpg;0;1;0;2.724576;104.2535;89.68819;1.347813;37.67327;-0.00136268
/home/anupam/roversim/data/IMG/robocam_2018_03_08_23_52_19_044.jpg;0;1;0;2.766785;104.4299;89.82317;1.351624;37.65617;-0.001264577
/home/anupam/roversim/data/IMG/robocam_2018_03_08_23_52_19_111.jpg;0;1;0;2.808562;104.5646;89.92618;1.357538;37.64245;-0.001405065
/home/anupam/roversim/data/IMG/robocam_2018_03_08_23_52_19_176.jpg;0;1;0;2.864488;104.7012;90.03066;1.360885;37.63021;-0.001429567
/home/anupam/roversim/data/IMG/robocam_2018_03_08_23_52_19_243.jpg;0;1;0;2.906277;104.8865;90.17225;1.361187;37.61422;-0.001430741
/home/anupam/roversim/data/IMG/robocam_2018_03_08_23_52_19_310.jpg;0;1;0;2.947907;105.0279;90.28022;1.366211;37.60152;-0.001340272
/home/anupam/roversim/data/IMG/robocam_2018_03_08_23_52_19_376.jpg;0;1;0;3.002913;105.1712;90.38966;1.370132;37.58751;-0.001453165
/home/anupam/roversim/data/IMG/robocam_2018_03_08_23_52_19_443.jpg;0;1;0;3.044247;105.3654;90.53778;1.369197;37.57055;-0.001463679
/home/anupam/roversim/data/IMG/robocam_2018_03_08_23_52_19_510.jpg;0;1;0;3.085867;105.5134;90.65065;1.375025;37.55643;-0.001469127
/home/anupam/roversim/data/IMG/robocam_2018_03_08_23_52_19_576.jpg;0;1;0;3.139823;105.6633;90.7649;1.375452;37.54253;-0.001492986
/home/anupam/roversim/data/IMG/robocam_2018_03_08_23_52_19_644.jpg;0;1;0;3.180383;105.8664;90.91956;1.382487;37.52298;-0.001521814
/home/anupam/roversim/data/IMG/robocam_2018_03_08_23_52_19_709.jpg;0;1;0;3.221135;106.021;91.03722;1.384714;37.5102;-0.001074895
/home/anupam/roversim/data/IMG/robocam_2018_03_08_23_52_19_776.jpg;0;1;0;3.274945;106.1775;91.15627;1.386912;37.4938;-0.001542687
/home/anupam/roversim/data/IMG/robocam_2018_03_08_23_52_19_844.jpg;0;1;0;3.315076;106.3892;91.31728;1.393381;37.47318;-0.001564309
/home/anupam/roversim/data/IMG/robocam_2018_03_08_23_52_19_910.jpg;0;1;0;3.355401;106.5503;91.43967;1.396513;37.45837;-0.001471756
/home/anupam/roversim/data/IMG/robocam_2018_03_08_23_52_19_976.jpg;0;1;0;3.408642;106.7133;91.56346;1.398704;37.44371;-0.001112905
/home/anupam/roversim/data/IMG/robocam_2018_03_08_23_52_20_044.jpg;0;1;0;3.44834;106.9337;91.7307;1.404567;37.42072;-0.001496581
/home/anupam/roversim/data/IMG/robocam_2018_03_08_23_52_20_110.jpg;0;1;0;3.48792;107.1012;91.85773;1.407063;37.40535;-0.001149472
/home/anupam/roversim/data/IMG/robocam_2018_03_08_23_52_20_176.jpg;0;1;0;3.540594;107.2707;91.98615;1.410484;37.38855;-0.001166768
/home/anupam/roversim/data/IMG/robocam_2018_03_08_23_52_20_243.jpg;0;1;0;3.579874;107.4996;92.15952;1.415216;37.36444;-0.001541905
/home/anupam/roversim/data/IMG/robocam_2018_03_08_23_52_20_310.jpg;0;1;0;3.619031;107.6736;92.29114;1.418515;37.34689;-0.001552583
/home/anupam/roversim/data/IMG/robocam_2018_03_08_23_52_20_376.jpg;0;1;0;3.671549;107.8494;92.4241;1.421009;37.32915;-0.001564808
/home/anupam/roversim/data/IMG/robocam_2018_03_08_23_52_20_443.jpg;0;1;0;3.710404;108.0868;92.60352;1.425555;37.30581;-0.001214549
/home/anupam/roversim/data/IMG/robocam_2018_03_08_23_52_20_509.jpg;0;1;0;3.748422;108.2671;92.73963;1.42835;37.28695;-0.001236008
/home/anupam/roversim/data/IMG/robocam_2018_03_08_23_52_20_576.jpg;0;1;0;3.800371;108.4493;92.87708;1.432442;37.26673;-0.001603995
/home/anupam/roversim/data/IMG/robocam_2018_03_08_23_52_20_643.jpg;0;1;0;3.838818;108.6951;93.06242;1.436388;37.24205;-0.001254534
/home/anupam/roversim/data/IMG/robocam_2018_03_08_23_52_20_709.jpg;0;1;0;3.876433;108.8816;93.20293;1.437151;37.2225;-0.001266705
/home/anupam/roversim/data/IMG/robocam_2018_03_08_23_52_20_776.jpg;0;1;0;3.927119;109.07;93.34477;1.441325;37.20063;-0.001760024
/home/anupam/roversim/data/IMG/robocam_2018_03_08_23_52_20_843.jpg;0;1;0;3.965156;109.3242;93.53592;1.445569;37.1736;-0.001666083
/home/anupam/roversim/data/IMG/robocam_2018_03_08_23_52_20_910.jpg;0;1;0;4.003441;109.517;93.68082;1.450784;37.15321;-0.001312511
/home/anupam/roversim/data/IMG/robocam_2018_03_08_23_52_20_976.jpg;0;1;0;4.053587;109.7116;93.82695;1.453472;37.13079;-0.001697741
/home/anupam/roversim/data/IMG/robocam_2018_03_08_23_52_21_043.jpg;0;1;0;4.090531;109.9741;94.0238;1.45785;37.1017;-0.001725181
/home/anupam/roversim/data/IMG/robocam_2018_03_08_23_52_21_110.jpg;0;1;0;4.128412;110.173;94.17294;1.461335;37.08048;-0.001345238
/home/anupam/roversim/data/IMG/robocam_2018_03_08_23_52_21_176.jpg;0;1;0;4.17802;110.3739;94.32333;1.465518;37.05798;-0.001248679
/home/anupam/roversim/data/IMG/robocam_2018_03_08_23_52_21_243.jpg;0;1;0;4.214565;110.6444;94.52577;1.467792;37.02744;-0.00126117
/home/anupam/roversim/data/IMG/robocam_2018_03_08_23_52_21_309.jpg;0;1;0;4.25135;110.8496;94.67908;1.472957;37.00338;-0.001271796
/home/anupam/roversim/data/IMG/robocam_2018_03_08_23_52_21_376.jpg;0;1;0;4.300427;111.0564;94.83357;1.472648;36.97953;-0.001388481
/home/anupam/roversim/data/IMG/robocam_2018_03_08_23_52_21_442.jpg;0;1;0;4.337282;111.3352;95.0415;1.4776;36.94548;-0.001906791
/home/anupam/roversim/data/IMG/robocam_2018_03_08_23_52_21_509.jpg;0;1;0;4.374003;111.5464;95.19892;1.483792;36.92211;-0.001302602
/home/anupam/roversim/data/IMG/robocam_2018_03_08_23_52_21_575.jpg;0;1;0;4.422226;111.7594;95.35748;1.48582;36.89537;-0.001819096
/home/anupam/roversim/data/IMG/robocam_2018_03_08_23_52_21_642.jpg;0;1;0;4.458344;112.0462;95.57081;1.491008;36.86206;-0.001445074
/home/anupam/roversim/data/IMG/robocam_2018_03_08_23_52_21_709.jpg;0;1;0;4.494009;112.2634;95.73216;1.491846;36.83678;-0.001344616
/home/anupam/roversim/data/IMG/robocam_2018_03_08_23_52_21_775.jpg;0;1;0;4.542274;112.4825;95.89471;1.495008;36.80298;-0.001233589
/home/anupam/roversim/data/IMG/robocam_2018_03_08_23_52_21_842.jpg;0;1;0;4.578056;112.7774;96.11322;1.498531;36.75352;-0.001241331
/home/anupam/roversim/data/IMG/robocam_2018_03_08_23_52_21_908.jpg;0;1;0;4.613849;113.0006;96.27837;1.496327;36.713;-0.001315313
/home/anupam/roversim/data/IMG/robocam_2018_03_08_23_52_21_975.jpg;0;1;0;4.660777;113.2258;96.44476;1.504114;36.67742;-0.001364106
/home/anupam/roversim/data/IMG/robocam_2018_03_08_23_52_22_042.jpg;0;1;0;4.696634;113.5285;96.66814;1.49264;36.62906;-0.001350381
/home/anupam/roversim/data/IMG/robocam_2018_03_08_23_52_22_109.jpg;0;1;0;4.731596;113.7578;96.83707;1.493801;36.59448;-0.001385985
/home/anupam/roversim/data/IMG/robocam_2018_03_08_23_52_22_174.jpg;0;1;0;4.777898;113.989;97.0072;1.504212;36.56071;-0.001405208
/home/anupam/roversim/data/IMG/robocam_2018_03_08_23_52_22_242.jpg;0;1;0;4.81298;114.2999;97.23562;1.504471;36.51331;-0.001408091
/home/anupam/roversim/data/IMG/robocam_2018_03_08_23_52_22_308.jpg;0;1;0;4.847919;114.5352;97.4082;1.504913;36.47763;-0.001412202
/home/anupam/roversim/data/IMG/robocam_2018_03_08_23_52_22_374.jpg;0;1;0;4.893717;114.7723;97.58195;1.513543;36.44281;-0.001440552
/home/anupam/roversim/data/IMG/robocam_2018_03_08_23_52_22_441.jpg;0;1;0;4.928644;115.091;97.81508;1.506016;36.39225;-0.001441828
/home/anupam/roversim/data/IMG/robocam_2018_03_08_23_52_22_508.jpg;0;1;0;4.962936;115.3322;97.99123;1.504857;36.35648;-0.001447592
/home/anupam/roversim/data/IMG/robocam_2018_03_08_23_52_22_575.jpg;0;1;0;5.008219;115.5751;98.1684;1.510153;36.32122;-0.001555369
/home/anupam/roversim/data/IMG/robocam_2018_03_08_23_52_22_641.jpg;0;1;0;5.012434;115.8989;98.40417;1.476008;36.26614;-0.004066539
/home/anupam/roversim/data/IMG/robocam_2018_03_08_23_52_22_708.jpg;0;0.799561;0;5.033146;116.1402;98.57969;1.36687;36.22438;-0.00122071
/home/anupam/roversim/data/IMG/robocam_2018_03_08_23_52_22_774.jpg;0;0.6008894;0;5.003708;116.3821;98.75537;1.272487;36.19141;-0.001256371
/home/anupam/roversim/data/IMG/robocam_2018_03_08_23_52_22_841.jpg;0;0.4007652;0;5.002966;116.704;98.98887;1.125979;36.1454;-0.001007861
/home/anupam/roversim/data/IMG/robocam_2018_03_08_23_52_22_908.jpg;0;0.2022581;0;5.000233;116.945;99.16356;0.9909114;36.11659;-0.000863321
/home/anupam/roversim/data/IMG/robocam_2018_03_08_23_52_22_973.jpg;0;0.0002770424;0;4.990043;117.1851;99.33754;0.8235447;36.09083;-0.0007067042
/home/anupam/roversim/data/IMG/robocam_2018_03_08_23_52_23_041.jpg;1.530533;0;0;4.974608;117.5032;99.56834;0.5466314;36.11223;0.003119951
/home/anupam/roversim/data/IMG/robocam_2018_03_08_23_52_23_108.jpg;4.544188;0;0;4.958488;117.7391;99.74217;0.3057679;36.39443;0.05028673
/home/anupam/roversim/data/IMG/robocam_2018_03_08_23_52_23_175.jpg;7.538037;0;0;4.936257;117.9717;99.91786;0.04144851;36.99291;0.1623647
/home/anupam/roversim/data/IMG/robocam_2018_03_08_23_52_23_241.jpg;10.54381;0;0;4.918028;118.2771;100.1573;359.7549;38.31618;0.3891096
/home/anupam/roversim/data/IMG/robocam_2018_03_08_23_52_23_308.jpg;13.53744;0;0;4.896697;118.5009;100.3426;359.6086;39.71705;0.6594901
/home/anupam/roversim/data/IMG/robocam_2018_03_08_23_52_23_374.jpg;15;0;0;4.865366;118.7203;100.5336;359.5764;41.37613;0.9664844
/home/anupam/roversim/data/IMG/robocam_2018_03_08_23_52_23_442.jpg;15;0;0;4.843557;119.0085;100.7962;359.778;43.68079;1.255435
/home/anupam/roversim/data/IMG/robocam_2018_03_08_23_52_23_508.jpg;15;0;0;4.823128;119.2206;100.9989;0.0727422;45.65776;1.297937
/home/anupam/roversim/data/IMG/robocam_2018_03_08_23_52_23_574.jpg;15;0;0;4.778019;119.4202;101.2033;0.06260043;47.61516;1.266526
/home/anupam/roversim/data/IMG/robocam_2018_03_08_23_52_23_641.jpg;15;0;0;4.76241;119.6722;101.4818;359.8433;50.14036;1.136848
/home/anupam/roversim/data/IMG/robocam_2018_03_08_23_52_23_709.jpg;12.01636;0;0;4.728512;119.8516;101.7002;359.8357;51.71742;1.120974
/home/anupam/roversim/data/IMG/robocam_2018_03_08_23_52_23_775.jpg;8.990789;0;0;4.698389;120.0255;101.9238;359.9289;53.07345;1.119762
/home/anupam/roversim/data/IMG/robocam_2018_03_08_23_52_23_842.jpg;5.988389;0;0;4.679051;120.2479;102.2257;0.009020892;54.52245;1.132418
/home/anupam/roversim/data/IMG/robocam_2018_03_08_23_52_23_908.jpg;2.984991;0;0;4.663404;120.4097;102.4522;359.9634;55.28246;1.099913
/home/anupam/roversim/data/IMG/robocam_2018_03_08_23_52_23_974.jpg;0.003919601;0.1987381;0;4.643629;120.5692;102.6803;359.9555;55.665;1.041348
/home/anupam/roversim/data/IMG/robocam_2018_03_08_23_52_24_042.jpg;0;0.4007964;0;4.638829;120.7799;102.9861;359.9669;55.82158;0.9708896
/home/anupam/roversim/data/IMG/robocam_2018_03_08_23_52_24_108.jpg;0;0.5983164;0;4.64283;120.9374;103.2168;6.21654E-06;55.85247;0.9168215
/home/anupam/roversim/data/IMG/robocam_2018_03_08_23_52_24_174.jpg;0;0.7992361;0;4.663275;121.0955;103.4489;0.05398681;55.8588;0.8466446
/home/anupam/roversim/data/IMG/robocam_2018_03_08_23_52_24_241.jpg;0;0.9987924;0;4.689154;121.3081;103.7611;0.1790806;55.85357;0.7261755
/home/anupam/roversim/data/IMG/robocam_2018_03_08_23_52_24_308.jpg;0;1;0;4.722203;121.4693;103.998;0.3202803;55.84443;0.6186342
/home/anupam/roversim/data/IMG/robocam_2018_03_08_23_52_24_374.jpg;0;1;0;4.767264;121.6319;104.2369;0.4938791;55.83077;0.4986656
/home/anupam/roversim/data/IMG/robocam_2018_03_08_23_52_24_442.jpg;0;1;0;4.801032;121.8512;104.5586;0.7612239;55.80309;0.3239029
/home/anupam/roversim/data/IMG/robocam_2018_03_08_23_52_24_508.jpg;0;1;0;4.834745;122.0173;104.8018;0.9777392;55.77374;0.1849486
/home/anupam/roversim/data/IMG/robocam_2018_03_08_23_52_24_574.jpg;0;1;0;4.879514;122.1849;105.0466;1.199642;55.73689;0.04035459
/home/anupam/roversim/data/IMG/robocam_2018_03_08_23_52_24_641.jpg;0;1;0;4.913717;122.4083;105.3766;1.469863;55.75116;359.9934
/home/anupam/roversim/data/IMG/robocam_2018_03_08_23_52_24_708.jpg;0;1;0;4.947197;122.576;105.6247;1.56892;55.76137;-0.005414608
/home/anupam/roversim/data/IMG/robocam_2018_03_08_23_52_24_774.jpg;0;1;0;4.99953;122.7438;105.8717;1.48179;55.71175;-0.004274272
/home/anupam/roversim/data/IMG/robocam_2018_03_08_23_52_24_841.jpg;0;1;0;4.973289;122.9682;106.1994;1.274341;55.65014;-0.00207521
/home/anupam/roversim/data/IMG/robocam_2018_03_08_23_52_24_908.jpg;0;1;0;5.01069;123.1377;106.4458;1.173169;55.61823;-0.001274498
/home/anupam/roversim/data/IMG/robocam_2018_03_08_23_52_24_974.jpg;0;1;0;5.005638;123.3079;106.6928;1.115662;55.60668;-0.001598274
/home/anupam/roversim/data/IMG/robocam_2018_03_08_23_52_25_041.jpg;0;1;0;5.016438;123.5352;107.0223;1.080029;55.53437;-0.001093585
/home/anupam/roversim/data/IMG/robocam_2018_03_08_23_52_25_108.jpg;0;0.8002627;0;5.017934;123.7061;107.2696;1.082258;55.50544;-0.001240781
/home/anupam/roversim/data/IMG/robocam_2018_03_08_23_52_25_174.jpg;0;0.6014531;0;5.000938;123.8772;107.517;1.089093;55.48133;-0.001218448
/home/anupam/roversim/data/IMG/robocam_2018_03_08_23_52_25_240.jpg;0;0.400846;0;5.000846;124.1046;107.8453;1.053995;55.44442;-0.001006903
/home/anupam/roversim/data/IMG/robocam_2018_03_08_23_52_25_307.jpg;0;0.2012889;0;5.000069;124.2749;108.0909;0.9899694;55.41972;-0.0009145013
/home/anupam/roversim/data/IMG/robocam_2018_03_08_23_52_25_374.jpg;3.002132;0.001146793;0;4.990139;124.444;108.3357;0.8791083;55.50438;0.0004405724
/home/anupam/roversim/data/IMG/robocam_2018_03_08_23_52_25_441.jpg;5.993911;0;0;4.974521;124.6644;108.662;0.6475744;56.07981;0.07847528
/home/anupam/roversim/data/IMG/robocam_2018_03_08_23_52_25_507.jpg;8.994016;0;0;4.957645;124.8243;108.9076;0.4175517;56.91365;0.2261801
/home/anupam/roversim/data/IMG/robocam_2018_03_08_23_52_25_574.jpg;11.98489;0;0;4.939427;124.978;109.1548;0.1426454;58.12599;0.4778663
/home/anupam/roversim/data/IMG/robocam_2018_03_08_23_52_25_641.jpg;14.98968;0;0;4.912337;125.1719;109.4886;359.786;60.24361;0.9588029
/home/anupam/roversim/data/IMG/robocam_2018_03_08_23_52_25_707.jpg;15;0;0;4.888271;125.3117;109.7434;359.6951;61.96779;1.288433
/home/anupam/roversim/data/IMG/robocam_2018_03_08_23_52_25_774.jpg;15;0;0;4.862111;125.4483;110.0012;359.7472;63.81927;1.464411
/home/anupam/roversim/data/IMG/robocam_2018_03_08_23_52_25_841.jpg;15;0;0;4.84159;125.6223;110.3519;0.07084224;66.56351;1.401559
/home/anupam/roversim/data/IMG/robocam_2018_03_08_23_52_25_908.jpg;15;0;0;4.803691;125.7388;110.6126;359.9818;68.70465;1.235897
/home/anupam/roversim/data/IMG/robocam_2018_03_08_23_52_25_975.jpg;15;0;0;4.765146;125.8425;110.8772;359.9286;70.50093;1.12828
/home/anupam/roversim/data/IMG/robocam_2018_03_08_23_52_26_042.jpg;15;0;0;4.732718;125.9609;111.2365;359.9746;72.99052;1.224582
/home/anupam/roversim/data/IMG/robocam_2018_03_08_23_52_26_108.jpg;15;0;0;4.711129;126.0392;111.5072;0.001032653;74.97099;1.310291
/home/anupam/roversim/data/IMG/robocam_2018_03_08_23_52_26_175.jpg;15;0;0;4.684945;126.112;111.7777;359.991;77.0126;1.208399
/home/anupam/roversim/data/IMG/robocam_2018_03_08_23_52_26_242.jpg;15;0;0;4.649576;126.1895;112.1404;359.9839;79.72318;1.163738
/home/anupam/roversim/data/IMG/robocam_2018_03_08_23_52_26_308.jpg;15;0;0;4.628042;126.2336;112.4134;359.9927;81.76466;1.261842
/home/anupam/roversim/data/IMG/robocam_2018_03_08_23_52_26_374.jpg;15;0;0;4.596292;126.2694;112.6861;-0.0009881429;83.81149;1.30233
/home/anupam/roversim/data/IMG/robocam_2018_03_08_23_52_26_549.jpg;15;0;0;4.568297;126.3219;113.5001;359.9867;90.02963;1.157847
/home/anupam/roversim/data/IMG/robocam_2018_03_08_23_52_26_599.jpg;15;0;0;4.501385;126.3189;113.6798;0.002812042;91.42529;1.199572
/home/anupam/roversim/data/IMG/robocam_2018_03_08_23_52_26_658.jpg;15;0;0;4.481258;126.3076;113.9474;359.9891;93.52994;1.239425
/home/anupam/roversim/data/IMG/robocam_2018_03_08_23_52_26_725.jpg;15;0;0;4.454135;126.2797;114.3017;359.9933;96.33704;1.199452
/home/anupam/roversim/data/IMG/robocam_2018_03_08_23_52_26_792.jpg;15;0;0;4.439137;126.2467;114.5644;359.9912;98.45831;1.1784
/home/anupam/roversim/data/IMG/robocam_2018_03_08_23_52_26_858.jpg;15;0;0;4.402237;126.203;114.8241;0.002274253;100.5654;1.210567
/home/anupam/roversim/data/IMG/robocam_2018_03_08_23_52_26_925.jpg;11.98905;0;0;4.374769;126.1321;115.1655;359.9851;103.2018;1.242174
/home/anupam/roversim/data/IMG/robocam_2018_03_08_23_52_26_992.jpg;8.996959;0;0;4.363016;126.0718;115.4192;-0.002829139;104.8411;1.173637
/home/anupam/roversim/data/IMG/robocam_2018_03_08_23_52_27_057.jpg;5.979881;0;0;4.33205;126.0044;115.6694;359.9758;106.063;1.115916
/home/anupam/roversim/data/IMG/robocam_2018_03_08_23_52_27_125.jpg;6.112812;0;0;4.31566;125.9065;115.9994;359.9517;107.2464;1.091679
/home/anupam/roversim/data/IMG/robocam_2018_03_08_23_52_27_192.jpg;9.117637;0;0;4.299129;125.8266;116.2442;359.9668;108.2821;1.136717
/home/anupam/roversim/data/IMG/robocam_2018_03_08_23_52_27_258.jpg;6.121126;0;0;4.276163;125.7428;116.487;0.009955521;109.3582;1.154096
/home/anupam/roversim/data/IMG/robocam_2018_03_08_23_52_27_325.jpg;3.134969;0;0;4.261583;125.6288;116.8068;359.9628;110.4101;1.067137
/home/anupam/roversim/data/IMG/robocam_2018_03_08_23_52_27_392.jpg;0.096488;0.1028581;0;4.245588;125.5405;117.0449;359.9388;110.7747;1.004041
/home/anupam/roversim/data/IMG/robocam_2018_03_08_23_52_27_458.jpg;0;0.3013744;0;4.234573;125.4513;117.2826;359.9279;110.8859;0.926645
/home/anupam/roversim/data/IMG/robocam_2018_03_08_23_52_27_525.jpg;0;0.5011597;0;4.237033;125.331;117.5998;359.935;110.9258;0.8264342
/home/anupam/roversim/data/IMG/robocam_2018_03_08_23_52_27_592.jpg;0;0.7005451;0;4.247749;125.2398;117.839;359.9755;110.9332;0.7456728
/home/anupam/roversim/data/IMG/robocam_2018_03_08_23_52_27_658.jpg;0;0.9019353;0;4.276803;125.1478;118.0801;0.05960777;110.9352;0.6593955
/home/anupam/roversim/data/IMG/robocam_2018_03_08_23_52_27_725.jpg;0;1;0;4.308914;125.0237;118.4055;0.2358475;110.927;0.5178884
/home/anupam/roversim/data/IMG/robocam_2018_03_08_23_52_27_791.jpg;0;1;0;4.344077;124.9295;118.6526;0.4139577;110.9167;0.4003967
/home/anupam/roversim/data/IMG/robocam_2018_03_08_23_52_27_858.jpg;0;1;0;4.390882;124.8345;118.9022;0.6204327;110.9015;0.2750554
/home/anupam/roversim/data/IMG/robocam_2018_03_08_23_52_27_925.jpg;0;1;0;4.426003;124.7068;119.2387;0.9238896;110.8702;0.09924188
/home/anupam/roversim/data/IMG/robocam_2018_03_08_23_52_27_992.jpg;0;1;0;4.460989;124.6099;119.4934;1.157091;110.854;-0.004115427
/home/anupam/roversim/data/IMG/robocam_2018_03_08_23_52_28_057.jpg;0;1;0;4.508507;124.5109;119.7492;1.371658;110.8824;359.994
/home/anupam/roversim/data/IMG/robocam_2018_03_08_23_52_28_124.jpg;0;1;0;4.543359;124.3788;120.0917;1.533052;110.9005;-0.005401891
/home/anupam/roversim/data/IMG/robocam_2018_03_08_23_52_28_191.jpg;0;1;0;4.585382;124.2806;120.3489;1.488208;110.8676;-0.00217316
/home/anupam/roversim/data/IMG/robocam_2018_03_08_23_52_28_257.jpg;0;1;0;4.634249;124.1824;120.6083;1.438002;110.8374;-0.001582701
/home/anupam/roversim/data/IMG/robocam_2018_03_08_23_52_28_324.jpg;0;1;0;4.669224;124.0508;120.9579;1.401031;110.7992;-0.001377121
/home/anupam/roversim/data/IMG/robocam_2018_03_08_23_52_28_391.jpg;0;1;0;4.704073;123.9513;121.2228;1.392963;110.7697;-0.001332787
/home/anupam/roversim/data/IMG/robocam_2018_03_08_23_52_28_457.jpg;0;1;0;4.75036;123.8512;121.49;1.398954;110.7396;-0.001344294
/home/anupam/roversim/data/IMG/robocam_2018_03_08_23_52_28_524.jpg;0;1;0;4.78496;123.7167;121.8495;1.424368;110.6985;-0.001366593
/home/anupam/roversim/data/IMG/robocam_2018_03_08_23_52_28_591.jpg;0;0.8002334;0;4.818451;123.6152;122.1214;1.445684;110.6671;-0.001371864
/home/anupam/roversim/data/IMG/robocam_2018_03_08_23_52_28_657.jpg;0;0.5997522;0;4.849171;123.5136;122.3943;1.450352;110.6352;-0.001351316
/home/anupam/roversim/data/IMG/robocam_2018_03_08_23_52_28_724.jpg;2.985213;0.400738;0;4.861727;123.3772;122.758;1.405144;110.7869;-0.002090186
/home/anupam/roversim/data/IMG/robocam_2018_03_08_23_52_28_791.jpg;5.981755;0.2009685;0;4.866071;123.2726;123.0289;1.312403;111.2355;0.0305965
/home/anupam/roversim/data/IMG/robocam_2018_03_08_23_52_28_857.jpg;8.982182;0.0009400845;0;4.855476;123.1645;123.2965;1.152434;112.0412;0.1471841
/home/anupam/roversim/data/IMG/robocam_2018_03_08_23_52_28_924.jpg;11.96221;0;0;4.838525;123.013;123.6462;0.8266712;113.693;0.4591758
/home/anupam/roversim/data/IMG/robocam_2018_03_08_23_52_28_991.jpg;14.99396;0;0;4.819251;122.8926;123.9019;0.4935066;115.3666;0.8161373
/home/anupam/roversim/data/IMG/robocam_2018_03_08_23_52_29_057.jpg;15;0;0;4.793813;122.7678;124.1508;0.006655432;117.3598;1.180339
/home/anupam/roversim/data/IMG/robocam_2018_03_08_23_52_29_124.jpg;15;0;0;4.772387;122.5931;124.4808;359.6088;119.9377;1.461398
/home/anupam/roversim/data/IMG/robocam_2018_03_08_23_52_29_191.jpg;15;0;0;4.750475;122.4549;124.7278;359.5721;121.9268;1.421054
/home/anupam/roversim/data/IMG/robocam_2018_03_08_23_52_29_257.jpg;12.0238;0;0;4.719165;122.3084;124.9712;359.6673;123.9214;1.297468
/home/anupam/roversim/data/IMG/robocam_2018_03_08_23_52_29_325.jpg;9.02891;0;0;4.685827;122.0988;125.2871;359.9832;125.7375;1.065382
/home/anupam/roversim/data/IMG/robocam_2018_03_08_23_52_29_391.jpg;6.013141;0.2010512;0;4.647258;121.9339;125.5136;0.08701787;126.7456;1.027141
/home/anupam/roversim/data/IMG/robocam_2018_03_08_23_52_29_457.jpg;3.011191;0.4011812;0;4.642735;121.7663;125.736;0.0948453;127.5624;1.018363
/home/anupam/roversim/data/IMG/robocam_2018_03_08_23_52_29_524.jpg;0.01077533;0.6012089;0;4.649466;121.5403;126.0302;0.03868249;128.098;0.9968391
/home/anupam/roversim/data/IMG/robocam_2018_03_08_23_52_29_591.jpg;0;0.8007452;0;4.664298;121.3684;126.2511;0.01446944;128.2156;0.9783034
/home/anupam/roversim/data/IMG/robocam_2018_03_08_23_52_29_657.jpg;0;1;0;4.698113;121.1946;126.4734;0.03173605;128.2525;0.9465092
/home/anupam/roversim/data/IMG/robocam_2018_03_08_23_52_29_724.jpg;0;1;0;4.731134;120.9596;126.7729;0.1301954;128.2597;0.8717109
/home/anupam/roversim/data/IMG/robocam_2018_03_08_23_52_29_791.jpg;0;1;0;4.764862;120.7813;127;0.253191;128.2534;0.7906681
/home/anupam/roversim/data/IMG/robocam_2018_03_08_23_52_29_856.jpg;0;1;0;4.80977;120.6014;127.2291;0.4097776;128.2414;0.6905093
/home/anupam/roversim/data/IMG/robocam_2018_03_08_23_52_29_924.jpg;0;1;0;4.843406;120.3593;127.5377;0.6576941;128.2167;0.5324742
/home/anupam/roversim/data/IMG/robocam_2018_03_08_23_52_29_990.jpg;0;1;0;4.877027;120.1762;127.7715;0.863399;128.19;0.3997433
/home/anupam/roversim/data/IMG/robocam_2018_03_08_23_52_30_058.jpg;0;1;0;4.921628;119.992;128.0071;1.077211;128.1559;0.2579913
/home/anupam/roversim/data/IMG/robocam_2018_03_08_23_52_30_124.jpg;-3.00902;1;0;4.95489;119.7461;128.3251;1.367172;127.8858;0.02754137
/home/anupam/roversim/data/IMG/robocam_2018_03_08_23_52_30_191.jpg;-5.947874;1;0;4.988338;119.561;128.565;1.534327;127.4222;359.9892
/home/anupam/roversim/data/IMG/robocam_2018_03_08_23_52_30_257.jpg;-8.994327;1;0;5.008599;119.38;128.8043;1.441419;126.48;-0.000266862
/home/anupam/roversim/data/IMG/robocam_2018_03_08_23_52_30_324.jpg;-11.98657;1;0;4.991219;119.1522;129.1272;1.238453;124.7214;359.8048
/home/anupam/roversim/data/IMG/robocam_2018_03_08_23_52_30_391.jpg;-14.98036;1;0;5.009415;118.988;129.3752;1.062667;122.9943;359.5577
/home/anupam/roversim/data/IMG/robocam_2018_03_08_23_52_30_457.jpg;-15;1;0;5.007515;118.8314;129.624;0.7128524;120.9386;359.3478
/home/anupam/roversim/data/IMG/robocam_2018_03_08_23_52_30_524.jpg;-15;1;0;5.011971;118.6385;129.9633;0.154824;118.0374;358.8977
/home/anupam/roversim/data/IMG/robocam_2018_03_08_23_52_30_591.jpg;-15;1;0;5.005851;118.5015;130.2225;359.8009;116.0812;358.613
/home/anupam/roversim/data/IMG/robocam_2018_03_08_23_52_30_657.jpg;-15;1;0;5.000725;118.3663;130.4886;359.7562;114.36;358.5865
/home/anupam/roversim/data/IMG/robocam_2018_03_08_23_52_30_724.jpg;-15;1;0;5.00046;118.1959;130.8542;-0.004654347;112.0901;358.7174
/home/anupam/roversim/data/IMG/robocam_2018_03_08_23_52_30_790.jpg;-15;1;0;5.001077;118.0804;131.1354;0.2038457;109.8912;358.8428
/home/anupam/roversim/data/IMG/robocam_2018_03_08_23_52_30_857.jpg;-15;1;0;5.005996;117.9797;131.418;0.2354213;107.3521;358.8502
/home/anupam/roversim/data/IMG/robocam_2018_03_08_23_52_30_923.jpg;-15;1;0;5.005191;117.8651;131.7956;359.9706;104.1655;358.7766
/home/anupam/roversim/data/IMG/robocam_2018_03_08_23_52_30_990.jpg;-15;1;0;5.024725;117.7907;132.086;359.955;102.069;358.743
/home/anupam/roversim/data/IMG/robocam_2018_03_08_23_52_31_056.jpg;-15;1;0;5.011177;117.7278;132.38;0.02311568;100.0711;358.671
/home/anupam/roversim/data/IMG/robocam_2018_03_08_23_52_31_123.jpg;-15;1;0;5.002589;117.6574;132.7736;0.03012582;97.54669;358.7325
/home/anupam/roversim/data/IMG/robocam_2018_03_08_23_52_31_189.jpg;-12.02235;0.8014901;0;5.004128;117.6158;133.0695;359.9936;95.71588;358.8336
/home/anupam/roversim/data/IMG/robocam_2018_03_08_23_52_31_255.jpg;-9.02377;0.6015847;0;5.005153;117.5856;133.3684;0.01846471;94.06363;358.8704
/home/anupam/roversim/data/IMG/robocam_2018_03_08_23_52_31_322.jpg;0;0.4026849;0;5.002443;117.5573;133.7663;359.9752;92.61063;358.867
/home/anupam/roversim/data/IMG/robocam_2018_03_08_23_52_31_389.jpg;2.998527;0.2027831;0;5.000372;117.539;134.066;0.0008550377;92.39218;358.9273
/home/anupam/roversim/data/IMG/robocam_2018_03_08_23_52_31_455.jpg;6.030228;0.0006697178;0;4.988265;117.5215;134.3647;359.9904;92.67905;358.9986
/home/anupam/roversim/data/IMG/robocam_2018_03_08_23_52_31_521.jpg;8.974618;0;0;4.971387;117.4937;134.7604;359.927;93.7438;359.2297
/home/anupam/roversim/data/IMG/robocam_2018_03_08_23_52_31_589.jpg;11.99381;0;0;4.95274;117.4664;135.0546;359.8394;95.00482;359.5494
/home/anupam/roversim/data/IMG/robocam_2018_03_08_23_52_31_655.jpg;14.99697;0;0;4.924726;117.4312;135.3462;359.7301;96.64417;0.0302679
/home/anupam/roversim/data/IMG/robocam_2018_03_08_23_52_31_722.jpg;15;0;0;4.901241;117.3722;135.7315;359.6434;99.16586;0.8278105
/home/anupam/roversim/data/IMG/robocam_2018_03_08_23_52_31_789.jpg;15;0;0;4.87525;117.3211;136.0202;359.7484;101.0339;1.350332
/home/anupam/roversim/data/IMG/robocam_2018_03_08_23_52_31_855.jpg;15;0;0;4.846599;117.2647;136.3084;359.9799;103.0428;1.713
/home/anupam/roversim/data/IMG/robocam_2018_03_08_23_52_31_923.jpg;15;0;0;4.825515;117.181;136.6833;359.9764;105.828;1.850461
/home/anupam/roversim/data/IMG/robocam_2018_03_08_23_52_31_989.jpg;15;0;0;4.803771;117.1077;136.9604;359.9814;107.9089;1.812235
/home/anupam/roversim/data/IMG/robocam_2018_03_08_23_52_32_055.jpg;15;0;0;4.771649;117.0248;137.2339;0.01311074;110.0451;1.673234
/home/anupam/roversim/data/IMG/robocam_2018_03_08_23_52_32_122.jpg;15;0;0;4.750842;116.8999;137.5904;359.9678;112.8735;1.324233
/home/anupam/roversim/data/IMG/robocam_2018_03_08_23_52_32_189.jpg;11.99192;0;0;4.729091;116.7917;137.8501;359.9874;114.5993;1.146636
/home/anupam/roversim/data/IMG/robocam_2018_03_08_23_52_32_255.jpg;9.000917;0;0;4.655013;116.6729;138.1023;359.9882;116.054;1.127249
/home/anupam/roversim/data/IMG/robocam_2018_03_08_23_52_32_322.jpg;6.002927;0;0;4.63671;116.5062;138.4331;0.0001893777;117.5961;1.156132
/home/anupam/roversim/data/IMG/robocam_2018_03_08_23_52_32_389.jpg;2.997007;0;0;4.620675;116.3783;138.678;359.9831;118.3762;1.13951
/home/anupam/roversim/data/IMG/robocam_2018_03_08_23_52_32_455.jpg;0;0.2007809;0;4.601305;116.249;138.9213;359.9575;118.7768;1.056871
/home/anupam/roversim/data/IMG/robocam_2018_03_08_23_52_32_524.jpg;0;0.3982494;0;4.596562;116.0735;139.2444;359.9557;118.9334;0.9586174
/home/anupam/roversim/data/IMG/robocam_2018_03_08_23_52_32_589.jpg;0;0.6002276;0;4.600666;115.9402;139.4869;359.9814;118.9638;0.889495
/home/anupam/roversim/data/IMG/robocam_2018_03_08_23_52_32_655.jpg;0;0.801075;0;4.621441;115.8059;139.7306;0.03651206;118.9725;0.8129846
/home/anupam/roversim/data/IMG/robocam_2018_03_08_23_52_32_722.jpg;0;0.9998159;0;4.647449;115.625;140.0585;0.1644835;118.9686;0.6845401
/home/anupam/roversim/data/IMG/robocam_2018_03_08_23_52_32_789.jpg;0;1;0;4.680669;115.4878;140.3072;0.3090734;118.9603;0.5730525
/home/anupam/roversim/data/IMG/robocam_2018_03_08_23_52_32_855.jpg;0;1;0;4.725889;115.3493;140.5582;0.4867185;118.9474;0.450717
/home/anupam/roversim/data/IMG/robocam_2018_03_08_23_52_32_922.jpg;0;1;0;4.759778;115.1631;140.8963;0.7598622;118.9207;0.2748361
/home/anupam/roversim/data/IMG/robocam_2018_03_08_23_52_32_989.jpg;0;1;0;4.79364;115.0223;141.1524;0.9806141;118.892;0.1363218
/home/anupam/roversim/data/IMG/robocam_2018_03_08_23_52_33_055.jpg;0;1;0;4.838911;114.8808;141.4104;1.2053;118.8596;-8.267425E-05
/home/anupam/roversim/data/IMG/robocam_2018_03_08_23_52_33_122.jpg;0;1;0;4.87306;114.6885;141.7556;1.472867;118.8931;359.9936
/home/anupam/roversim/data/IMG/robocam_2018_03_08_23_52_33_189.jpg;0;1;0;4.906383;114.5442;142.0151;1.561276;118.8998;-0.005420246
/home/anupam/roversim/data/IMG/robocam_2018_03_08_23_52_33_255.jpg;0;1;0;4.959529;114.4005;142.275;1.512662;118.8719;-0.002509955
/home/anupam/roversim/data/IMG/robocam_2018_03_08_23_52_33_322.jpg;0;1;0;4.994615;114.2088;142.6246;1.43058;118.8316;-0.001807228
/home/anupam/roversim/data/IMG/robocam_2018_03_08_23_52_33_389.jpg;0;1;0;5.012143;114.065;142.8881;1.389773;118.7989;-0.001409114
/home/anupam/roversim/data/IMG/robocam_2018_03_08_23_52_33_454.jpg;0;1;0;5.013673;113.9213;143.152;1.36947;118.7745;-0.001591542
/home/anupam/roversim/data/IMG/robocam_2018_03_08_23_52_33_522.jpg;0;1;0;5.005367;113.7298;143.5043;1.368033;118.7742;-0.003029092
/home/anupam/roversim/data/IMG/robocam_2018_03_08_23_52_33_588.jpg;0;1;0;5.016286;113.5859;143.769;1.387048;118.7459;-0.001359713
/home/anupam/roversim/data/IMG/robocam_2018_03_08_23_52_33_654.jpg;0;1;0;5.005672;113.442;144.0341;1.420603;118.7032;-0.0011581
/home/anupam/roversim/data/IMG/robocam_2018_03_08_23_52_33_722.jpg;0;1;0;5.030041;113.2507;144.387;1.464164;118.7028;-0.00167042
/home/anupam/roversim/data/IMG/robocam_2018_03_08_23_52_33_788.jpg;0;1;0;5.013885;113.1069;144.6524;1.511435;118.666;-0.001429608
/home/anupam/roversim/data/IMG/robocam_2018_03_08_23_52_33_854.jpg;0;1;0;5.010351;112.9639;144.9168;1.475418;118.6314;-0.002066604
/home/anupam/roversim/data/IMG/robocam_2018_03_08_23_52_33_921.jpg;0;1;0;5.00742;112.7744;145.2675;1.38444;118.5823;-0.001309137
/home/anupam/roversim/data/IMG/robocam_2018_03_08_23_52_33_989.jpg;0;1;0;5.013881;112.6317;145.532;1.358917;118.5531;-0.001507174
/home/anupam/roversim/data/IMG/robocam_2018_03_08_23_52_34_054.jpg;-1.499484;0.9000344;0;5.023059;112.4894;145.7965;1.346247;118.4729;-0.0004837162
/home/anupam/roversim/data/IMG/robocam_2018_03_08_23_52_34_121.jpg;-4.459044;0.7027304;0;5.010337;112.3016;146.1506;1.337925;118.0501;-0.0007509385
/home/anupam/roversim/data/IMG/robocam_2018_03_08_23_52_34_188.jpg;-7.49466;0.500356;0;5.00432;112.1639;146.4169;1.306031;117.3394;-0.000488859
/home/anupam/roversim/data/IMG/robocam_2018_03_08_23_52_34_254.jpg;-7.499199;0.3018732;0;5.001636;112.0307;146.6845;1.233374;116.3648;359.9402
/home/anupam/roversim/data/IMG/robocam_2018_03_08_23_52_34_321.jpg;-4.501787;0.1020458;0;4.996388;111.8586;147.0416;1.047417;115.2457;359.7657
/home/anupam/roversim/data/IMG/robocam_2018_03_08_23_52_34_388.jpg;-1.506768;0;0;4.985524;111.7328;147.3086;0.8371876;114.7285;359.6066
/home/anupam/roversim/data/IMG/robocam_2018_03_08_23_52_34_453.jpg;0;0;0;4.964618;111.6086;147.5743;0.5773391;114.5182;359.4537
/home/anupam/roversim/data/IMG/robocam_2018_03_08_23_52_34_521.jpg;0;0;0;4.94868;111.4452;147.9271;0.1817206;114.4457;359.2702
/home/anupam/roversim/data/IMG/robocam_2018_03_08_23_52_34_587.jpg;0;0;0;4.932738;111.3233;148.1909;359.8931;114.4492;359.1768
/home/anupam/roversim/data/IMG/robocam_2018_03_08_23_52_34_654.jpg;0;0;0;4.909981;111.2013;148.4548;359.6731;114.4756;359.1515
/home/anupam/roversim/data/IMG/robocam_2018_03_08_23_52_34_721.jpg;0;0.1999712;0;4.895399;111.0365;148.8079;359.5705;114.5638;359.3046
/home/anupam/roversim/data/IMG/robocam_2018_03_08_23_52_34_787.jpg;0;0.4003351;0;4.885218;110.913;149.0742;359.5921;114.6265;359.4698
/home/anupam/roversim/data/IMG/robocam_2018_03_08_23_52_34_853.jpg;0;0.5993071;0;4.890512;110.7901;149.3416;359.6437;114.6512;359.6172
/home/anupam/roversim/data/IMG/robocam_2018_03_08_23_52_34_920.jpg;0;0.799824;0;4.90535;110.6255;149.7006;359.7704;114.6613;359.7975
/home/anupam/roversim/data/IMG/robocam_2018_03_08_23_52_34_987.jpg;0;0.9996092;0;4.928372;110.5009;149.9724;359.9222;114.6636;359.9225
/home/anupam/roversim/data/IMG/robocam_2018_03_08_23_52_35_053.jpg;0;1;0;4.971271;110.3752;150.2468;0.1258561;114.6648;0.03717868
/home/anupam/roversim/data/IMG/robocam_2018_03_08_23_52_35_120.jpg;0;1;0;5.004058;110.2062;150.616;0.4519932;114.6635;0.1655726
/home/anupam/roversim/data/IMG/robocam_2018_03_08_23_52_35_188.jpg;0;1;0;5.011636;110.0799;150.8935;0.6912454;114.645;0.20698
/home/anupam/roversim/data/IMG/robocam_2018_03_08_23_52_35_254.jpg;0;1;0;5.011737;109.9539;151.1712;0.9296214;114.6159;0.2160321
/home/anupam/roversim/data/IMG/robocam_2018_03_08_23_52_35_320.jpg;0;1;0;5.011791;109.7863;151.5415;1.242437;114.5661;0.186114
/home/anupam/roversim/data/IMG/robocam_2018_03_08_23_52_35_387.jpg;0;1;0;5.015419;109.6626;151.8189;1.404463;114.5055;0.06376887
/home/anupam/roversim/data/IMG/robocam_2018_03_08_23_52_35_454.jpg;0;1;0;5.019808;109.5378;152.0943;1.494141;114.4698;359.9938
/home/anupam/roversim/data/IMG/robocam_2018_03_08_23_52_35_520.jpg;0;0.797662;0;5.005174;109.3713;152.4583;1.466795;114.5084;-0.004094625
/home/anupam/roversim/data/IMG/robocam_2018_03_08_23_52_35_587.jpg;0;0.5999947;0;5.004102;109.2472;152.7309;1.410386;114.5086;-0.00335995
/home/anupam/roversim/data/IMG/robocam_2018_03_08_23_52_35_653.jpg;0;0.3995199;0;4.993526;109.1236;153.003;1.331106;114.5007;-0.002817279
/home/anupam/roversim/data/IMG/robocam_2018_03_08_23_52_35_720.jpg;-1.503947;0.1996539;0;4.996789;108.9599;153.365;1.173688;114.4338;-0.0021969
/home/anupam/roversim/data/IMG/robocam_2018_03_08_23_52_35_786.jpg;-4.496992;0.0001175404;0;4.991923;108.8391;153.6357;1.006716;114.1402;-0.002066744
/home/anupam/roversim/data/IMG/robocam_2018_03_08_23_52_35_853.jpg;-7.489672;0;0;4.976071;108.7217;153.9058;0.7914251;113.5147;359.9746
/home/anupam/roversim/data/IMG/robocam_2018_03_08_23_52_35_920.jpg;-4.492045;0;0;4.953784;108.608;154.1756;0.5354103;112.7712;359.8833
/home/anupam/roversim/data/IMG/robocam_2018_03_08_23_52_35_987.jpg;-1.487617;0;0;4.937936;108.4598;154.5343;0.1546871;112.111;359.7217
/home/anupam/roversim/data/IMG/robocam_2018_03_08_23_52_36_053.jpg;0;0;0;4.922034;108.3496;154.8028;359.8802;111.9307;359.6213
/home/anupam/roversim/data/IMG/robocam_2018_03_08_23_52_36_120.jpg;0;0;0;4.899273;108.2397;155.0713;359.6662;111.8872;359.567
/home/anupam/roversim/data/IMG/robocam_2018_03_08_23_52_36_187.jpg;0;0;0;4.88147;108.0937;155.4293;359.4546;111.9013;359.5594
/home/anupam/roversim/data/IMG/robocam_2018_03_08_23_52_36_253.jpg;0;0;0;4.863856;107.985;155.6974;359.3266;111.9154;359.5742
/home/anupam/roversim/data/IMG/robocam_2018_03_08_23_52_36_320.jpg;0;0;0;4.840543;107.8396;156.0544;359.2371;111.9511;359.6755
/home/anupam/roversim/data/IMG/robocam_2018_03_08_23_52_36_387.jpg;0;0;0;4.823243;107.7309;156.3217;359.2133;111.9801;359.7827
/home/anupam/roversim/data/IMG/robocam_2018_03_08_23_52_36_454.jpg;0;0;0;4.805318;107.6227;156.5886;359.2122;112.0013;359.9012
/home/anupam/roversim/data/IMG/robocam_2018_03_08_23_52_36_520.jpg;0;0;0;4.783467;107.5153;156.8546;359.2018;112.0081;0.002177307
/home/anupam/roversim/data/IMG/robocam_2018_03_08_23_52_36_587.jpg;0;0;0;4.767248;107.3729;157.2076;359.1757;112.0096;0.1195318
/home/anupam/roversim/data/IMG/robocam_2018_03_08_23_52_36_653.jpg;0;0;0;4.749936;107.267;157.4724;359.2044;111.9858;0.1345629
/home/anupam/roversim/data/IMG/robocam_2018_03_08_23_52_36_719.jpg;0;0;0;4.727758;107.161;157.7358;359.2199;111.9769;0.1601419
/home/anupam/roversim/data/IMG/robocam_2018_03_08_23_52_36_786.jpg;0;0;0;4.711739;107.0203;158.0853;359.2235;111.9727;0.1891565
/home/anupam/roversim/data/IMG/robocam_2018_03_08_23_52_36_853.jpg;0;0;0;4.69579;106.9155;158.347;359.2494;111.955;0.1646342
/home/anupam/roversim/data/IMG/robocam_2018_03_08_23_52_36_919.jpg;-1.502992;0;0;4.673125;106.811;158.6076;359.2743;111.9236;0.1340111
/home/anupam/roversim/data/IMG/robocam_2018_03_08_23_52_36_987.jpg;-4.507195;0;0;4.657015;106.6751;158.9545;359.2851;111.4987;0.02398267
/home/anupam/roversim/data/IMG/robocam_2018_03_08_23_52_37_053.jpg;-4.54967;0;0;4.640339;106.5768;159.2145;359.2784;110.8935;359.8728
/home/anupam/roversim/data/IMG/robocam_2018_03_08_23_52_37_119.jpg;-1.549072;0;0;4.618054;106.4792;159.4744;359.3061;110.3999;359.7578
/home/anupam/roversim/data/IMG/robocam_2018_03_08_23_52_37_186.jpg;0;0;0;4.601686;106.3508;159.8196;359.3331;110.1395;359.6186
/home/anupam/roversim/data/IMG/robocam_2018_03_08_23_52_37_253.jpg;0;0;0;4.585294;106.2546;160.078;359.3879;110.1025;359.576
/home/anupam/roversim/data/IMG/robocam_2018_03_08_23_52_37_318.jpg;0;0;0;4.563755;106.1596;160.3356;359.4293;110.0914;359.5327
/home/anupam/roversim/data/IMG/robocam_2018_03_08_23_52_37_386.jpg;0;0;0;4.5479;106.0332;160.6777;359.4928;110.1037;359.5281
/home/anupam/roversim/data/IMG/robocam_2018_03_08_23_52_37_452.jpg;0;0;0;4.532148;105.9393;160.9331;359.5211;110.1077;359.5317
/home/anupam/roversim/data/IMG/robocam_2018_03_08_23_52_37_519.jpg;0;0;0;4.51188;105.846;161.1874;359.5291;110.109;359.5424
/home/anupam/roversim/data/IMG/robocam_2018_03_08_23_52_37_586.jpg;0;0;0;4.496117;105.7216;161.525;359.5495;110.1231;359.607
/home/anupam/roversim/data/IMG/robocam_2018_03_08_23_52_37_652.jpg;0;0;0.1994612;4.477286;105.6296;161.7757;359.5095;110.1255;359.6525
/home/anupam/roversim/data/IMG/robocam_2018_03_08_23_52_37_718.jpg;0;0;0.3998251;4.396944;105.5392;162.0208;359.3712;110.136;359.724
/home/anupam/roversim/data/IMG/robocam_2018_03_08_23_52_37_785.jpg;0;0;0.5989351;4.294218;105.4231;162.3346;358.961;110.1664;359.8704
/home/anupam/roversim/data/IMG/robocam_2018_03_08_23_52_37_852.jpg;0;0;0.7992446;4.170649;105.34;162.56;358.5781;110.152;-0.004934036
/home/anupam/roversim/data/IMG/robocam_2018_03_08_23_52_37_918.jpg;0;0;1;3.98235;105.2612;162.7802;358.3014;110.1283;-0.004837206
/home/anupam/roversim/data/IMG/robocam_2018_03_08_23_52_37_985.jpg;0;0;1;3.862288;105.1572;163.0679;358.2333;109.9658;0.003899116
/home/anupam/roversim/data/IMG/robocam_2018_03_08_23_52_38_052.jpg;0;0;1;3.741728;105.0815;163.28;358.4188;109.8756;359.9801
/home/anupam/roversim/data/IMG/robocam_2018_03_08_23_52_38_118.jpg;0;0;1;3.576681;105.0062;163.4881;358.7917;109.7933;0.003335928
/home/anupam/roversim/data/IMG/robocam_2018_03_08_23_52_38_185.jpg;0;0;1;3.347524;104.9167;163.7391;358.841;109.7404;359.9854
/home/anupam/roversim/data/IMG/robocam_2018_03_08_23_52_38_252.jpg;0;0;0;3.116487;104.8544;163.9117;358.6892;109.8106;0.01205512
/home/anupam/roversim/data/IMG/robocam_2018_03_08_23_52_38_318.jpg;0;0;0;3.080614;104.7918;164.0859;358.7866;109.8159;359.9879
/home/anupam/roversim/data/IMG/robocam_2018_03_08_23_52_38_385.jpg;0;0;0;3.001694;104.7092;164.3153;359.0045;109.7826;0.005032114
/home/anupam/roversim/data/IMG/robocam_2018_03_08_23_52_38_452.jpg;0;0;0;2.989105;104.6476;164.4868;359.1777;109.7742;0.001574307
/home/anupam/roversim/data/IMG/robocam_2018_03_08_23_52_38_518.jpg;0;0;0;2.975576;104.5863;164.6573;359.3347;109.7723;0.0003461485
/home/anupam/roversim/data/IMG/robocam_2018_03_08_23_52_38_584.jpg;0;0;0;2.965541;104.505;164.8834;359.5141;109.7718;-0.0009325612
/home/anupam/roversim/data/IMG/robocam_2018_03_08_23_52_38_651.jpg;0;0;0;2.95559;104.4445;165.0519;359.624;109.7717;-0.001773506
/home/anupam/roversim/data/IMG/robocam_2018_03_08_23_52_38_718.jpg;0;0;0;2.942434;104.3842;165.2195;359.7117;109.7717;-0.002504677
/home/anupam/roversim/data/IMG/robocam_2018_03_08_23_52_38_785.jpg;0;0;0;2.932636;104.3044;165.4418;359.8043;109.7318;-0.001921555
/home/anupam/roversim/data/IMG/robocam_2018_03_08_23_52_38_851.jpg;0;0;0.1990857;2.92089;104.2456;165.6061;359.8106;109.7149;359.9939
/home/anupam/roversim/data/IMG/robocam_2018_03_08_23_52_38_918.jpg;0;0;0;2.87999;104.1875;165.7681;359.7687;109.7111;359.9905
/home/anupam/roversim/data/IMG/robocam_2018_03_08_23_52_38_985.jpg;0;0;0;2.870326;104.1105;165.983;359.7005;109.7101;359.9865
/home/anupam/roversim/data/IMG/robocam_2018_03_08_23_52_39_051.jpg;1.561089;0;0;2.856446;104.0529;166.143;359.6372;109.8776;359.9886
/home/anupam/roversim/data/IMG/robocam_2018_03_08_23_52_39_118.jpg;4.502024;0;0;2.842872;103.9931;166.3018;359.5886;110.2469;0.04140667
/home/anupam/roversim/data/IMG/robocam_2018_03_08_23_52_39_185.jpg;7.511129;0;0;2.810362;103.9187;166.5036;359.0696;111.2758;359.8135
/home/anupam/roversim/data/IMG/robocam_2018_03_08_23_52_39_251.jpg;10.48513;0;0;2.785952;103.8595;166.6516;358.642;112.0986;359.7207
/home/anupam/roversim/data/IMG/robocam_2018_03_08_23_52_39_318.jpg;13.48258;0;0;2.745058;103.7996;166.7935;358.0401;113.2075;359.4946
/home/anupam/roversim/data/IMG/robocam_2018_03_08_23_52_39_385.jpg;15;0;0;2.730623;103.7059;166.9829;357.6367;114.8189;359.5465
/home/anupam/roversim/data/IMG/robocam_2018_03_08_23_52_39_452.jpg;13.50442;0;0;2.697396;103.6327;167.1298;357.8513;116.3606;359.4897
/home/anupam/roversim/data/IMG/robocam_2018_03_08_23_52_39_517.jpg;10.49595;0;0;2.551216;103.5704;167.265;357.6257;119.1462;358.9351
/home/anupam/roversim/data/IMG/robocam_2018_03_08_23_52_39_585.jpg;7.502003;0;0;2.454424;103.5079;167.4277;356.1287;124.1634;357.7135
/home/anupam/roversim/data/IMG/robocam_2018_03_08_23_52_39_651.jpg;4.495687;0;0;2.417386;103.4642;167.5491;354.8076;128.4409;356.8694
/home/anupam/roversim/data/IMG/robocam_2018_03_08_23_52_39_714.jpg;1.518134;0;0;2.250206;103.4311;167.6493;352.5345;132.9225;355.9439
/home/anupam/roversim/data/IMG/robocam_2018_03_08_23_52_39_784.jpg;0;0;0;2.108341;103.3698;167.7478;349.3295;135.7525;355.296
/home/anupam/roversim/data/IMG/robocam_2018_03_08_23_52_39_852.jpg;0;0;0;1.925609;103.305;167.8066;347.6484;136.4612;355.7046
/home/anupam/roversim/data/IMG/robocam_2018_03_08_23_52_39_917.jpg;0;0;0;1.921851;103.2356;167.8605;346.2114;137.7065;356.6269
/home/anupam/roversim/data/IMG/robocam_2018_03_08_23_52_39_984.jpg;-3.029619;0;0;1.626557;103.1823;167.9207;343.6542;139.554;357.3872
/home/anupam/roversim/data/IMG/robocam_2018_03_08_23_52_40_051.jpg;-2.98134;0;0;1.466782;103.1608;167.963;341.3236;141.1996;357.6927
/home/anupam/roversim/data/IMG/robocam_2018_03_08_23_52_40_117.jpg;0;0;0;1.208445;103.1427;167.9937;338.832;142.4503;357.9932
/home/anupam/roversim/data/IMG/robocam_2018_03_08_23_52_40_184.jpg;0;0;0;0.9569339;103.1184;168.0116;336.2426;142.7313;358.8297
/home/anupam/roversim/data/IMG/robocam_2018_03_08_23_52_40_251.jpg;0;0;0;0.7604261;103.1045;168.023;334.783;142.4779;359.369
/home/anupam/roversim/data/IMG/robocam_2018_03_08_23_52_40_317.jpg;0;0;0;0.4402684;103.1013;168.0327;333.7257;142.1456;359.5175
/home/anupam/roversim/data/IMG/robocam_2018_03_08_23_52_40_384.jpg;0;0;0;0.2674355;103.105;168.0392;332.9588;141.893;359.507
/home/anupam/roversim/data/IMG/robocam_2018_03_08_23_52_40_451.jpg;0;0;0;0.06709045;103.1087;168.0389;332.8386;142.2224;359.7053
/home/anupam/roversim/data/IMG/robocam_2018_03_08_23_52_40_517.jpg;0;0;0;-0.1795783;103.1128;168.0341;333.2536;142.9801;0.09536951
/home/anupam/roversim/data/IMG/robocam_2018_03_08_23_52_40_584.jpg;0;0;0;-0.3293565;103.1187;168.0303;334.7429;143.4361;0.1586409
/home/anupam/roversim/data/IMG/robocam_2018_03_08_23_52_40_651.jpg;0;0;0;-0.4488232;103.1247;168.0261;336.2505;143.5617;0.002760982
/home/anupam/roversim/data/IMG/robocam_2018_03_08_23_52_40_717.jpg;0;0;0;-0.6975864;103.143;168.0171;337.692;143.4598;359.4669
/home/anupam/roversim/data/IMG/robocam_2018_03_08_23_52_40_784.jpg;0;0;0;-0.834567;103.1724;167.9987;339.9508;143.0217;358.6261
/home/anupam/roversim/data/IMG/robocam_2018_03_08_23_52_40_851.jpg;0;0;0;-0.9492708;103.1942;167.9798;342.0029;143.1432;358.3767
/home/anupam/roversim/data/IMG/robocam_2018_03_08_23_52_40_918.jpg;0;0;0;-1.243219;103.2275;167.9579;343.9775;143.347;357.9963
/home/anupam/roversim/data/IMG/robocam_2018_03_08_23_52_40_984.jpg;0;0;0;-1.294098;103.2718;167.9217;347.0138;143.5835;357.8701
/home/anupam/roversim/data/IMG/robocam_2018_03_08_23_52_41_051.jpg;0;0;0;-1.389371;103.3165;167.8923;349.0723;143.9242;357.5028
/home/anupam/roversim/data/IMG/robocam_2018_03_08_23_52_41_117.jpg;0;0;0;-1.54379;103.3723;167.8608;350.7958;143.7793;356.6629
/home/anupam/roversim/data/IMG/robocam_2018_03_08_23_52_41_184.jpg;0;-0.2006879;0;-1.600948;103.4516;167.813;352.8969;143.3656;355.4178
/home/anupam/roversim/data/IMG/robocam_2018_03_08_23_52_41_251.jpg;0;-0.3997049;0;-1.626266;103.5046;167.7723;354.7637;143.2967;354.975
/home/anupam/roversim/data/IMG/robocam_2018_03_08_23_52_41_317.jpg;0;-0.1994998;0;-1.687344;103.5503;167.7302;357.0408;143.7233;355.0943
/home/anupam/roversim/data/IMG/robocam_2018_03_08_23_52_41_384.jpg;0;0;0;-1.721003;103.606;167.6786;0.5379857;144.4936;355.769
/home/anupam/roversim/data/IMG/robocam_2018_03_08_23_52_41_450.jpg;0;0;0;-1.750583;103.6602;167.6297;2.329735;144.7533;356.9946
/home/anupam/roversim/data/IMG/robocam_2018_03_08_23_52_41_516.jpg;0;0;0;-1.734806;103.7188;167.5777;3.770599;144.4584;358.4766
/home/anupam/roversim/data/IMG/robocam_2018_03_08_23_52_41_584.jpg;0;0;0;-1.718754;103.8095;167.5047;4.724235;143.1732;0.5495812
/home/anupam/roversim/data/IMG/robocam_2018_03_08_23_52_41_650.jpg;0;0;0;-1.654343;103.8879;167.4518;4.772191;142.5597;1.4853
/home/anupam/roversim/data/IMG/robocam_2018_03_08_23_52_41_717.jpg;0;0;0;-1.614044;103.9716;167.3974;4.457743;142.5301;2.09004
/home/anupam/roversim/data/IMG/robocam_2018_03_08_23_52_41_784.jpg;0;0;0;-1.565127;104.0945;167.3233;3.342356;143.2339;2.232328
/home/anupam/roversim/data/IMG/robocam_2018_03_08_23_52_41_850.jpg;-2.999117;0;0;-1.523998;104.1941;167.2661;2.017538;144.3392;1.904229
/home/anupam/roversim/data/IMG/robocam_2018_03_08_23_52_41_917.jpg;-6.002054;0;0;-1.475171;104.2952;167.2054;0.385892;145.4919;1.352017
/home/anupam/roversim/data/IMG/robocam_2018_03_08_23_52_41_984.jpg;-3.005952;0;0;-1.450885;104.4174;167.1251;358.6467;146.137;0.3580323
/home/anupam/roversim/data/IMG/robocam_2018_03_08_23_52_42_050.jpg;-0.01988053;0;0;-1.462288;104.4991;167.0677;357.9075;146.3408;359.6611
/home/anupam/roversim/data/IMG/robocam_2018_03_08_23_52_42_117.jpg;0;0;0;-1.475352;104.5725;167.0113;357.6284;146.9017;359.2823
/home/anupam/roversim/data/IMG/robocam_2018_03_08_23_52_42_184.jpg;0;0;0;-1.479944;104.6608;166.9407;357.893;148.3271;359.0743
/home/anupam/roversim/data/IMG/robocam_2018_03_08_23_52_42_251.jpg;0;0;0;-1.484188;104.72;166.8914;358.5686;149.9012;359.1001
/home/anupam/roversim/data/IMG/robocam_2018_03_08_23_52_42_317.jpg;0;0;0;-1.47639;104.7792;166.8512;359.5338;150.618;359.0656
/home/anupam/roversim/data/IMG/robocam_2018_03_08_23_52_42_384.jpg;0;0;0;-1.471118;104.862;166.8014;0.7296141;150.7292;359.124
/home/anupam/roversim/data/IMG/robocam_2018_03_08_23_52_42_450.jpg;0;0;0;-1.462077;104.9292;166.7599;1.227004;150.7173;359.3951
/home/anupam/roversim/data/IMG/robocam_2018_03_08_23_52_42_517.jpg;0;0;0;-1.448715;105.0007;166.7166;1.416321;150.5884;359.7544
/home/anupam/roversim/data/IMG/robocam_2018_03_08_23_52_42_583.jpg;0;0;0;-1.440302;105.1054;166.6564;1.04924;150.3564;0.2187743
/home/anupam/roversim/data/IMG/robocam_2018_03_08_23_52_42_651.jpg;0;0;0;-1.418888;105.1857;166.6122;0.6606894;150.3272;0.397476
/home/anupam/roversim/data/IMG/robocam_2018_03_08_23_52_42_716.jpg;0;0;0;-1.40995;105.265;166.5677;0.2935303;150.3192;0.5580609
/home/anupam/roversim/data/IMG/robocam_2018_03_08_23_52_42_784.jpg;0;0;0;-1.405087;105.3691;166.5088;359.8755;150.3192;0.7402174
/home/anupam/roversim/data/IMG/robocam_2018_03_08_23_52_42_851.jpg;0;0;0;-1.400513;105.4457;166.4663;359.6693;150.2988;0.7924247
/home/anupam/roversim/data/IMG/robocam_2018_03_08_23_52_42_917.jpg;0;0;0;-1.396192;105.5204;166.4249;359.571;150.2704;0.7768437
/home/anupam/roversim/data/IMG/robocam_2018_03_08_23_52_42_983.jpg;-2.996188;0;0;-1.393299;105.6164;166.3698;359.6122;150.4471;0.687915
/home/anupam/roversim/data/IMG/robocam_2018_03_08_23_52_43_051.jpg;-5.997419;0;0;-1.388772;105.6866;166.3272;359.6816;150.8869;0.6463922
/home/anupam/roversim/data/IMG/robocam_2018_03_08_23_52_43_117.jpg;-8.990775;0;0;-1.381466;105.756;166.2844;359.7643;151.5607;0.612469
/home/anupam/roversim/data/IMG/robocam_2018_03_08_23_52_43_185.jpg;-12.01253;0;0;-1.375186;105.8474;166.227;359.891;152.8442;0.5677487
/home/anupam/roversim/data/IMG/robocam_2018_03_08_23_52_43_251.jpg;-14.99072;0;0;-1.36844;105.9153;166.1843;-0.004089523;154.0768;0.5211554
/home/anupam/roversim/data/IMG/robocam_2018_03_08_23_52_43_317.jpg;-15;0;0;-1.359451;105.9836;166.143;0.09797072;155.3882;0.4350987
/home/anupam/roversim/data/IMG/robocam_2018_03_08_23_52_43_384.jpg;-11.9967;0;0;-1.354296;106.0764;166.0915;0.2107451;156.9243;0.2268287
/home/anupam/roversim/data/IMG/robocam_2018_03_08_23_52_43_451.jpg;-8.989438;0;0;-1.34938;106.1473;166.0559;0.2747175;157.8115;0.007877233
/home/anupam/roversim/data/IMG/robocam_2018_03_08_23_52_43_517.jpg;-5.995899;0;0;-1.342244;106.2193;166.0224;0.3238693;158.4771;359.7566
/home/anupam/roversim/data/IMG/robocam_2018_03_08_23_52_43_584.jpg;-2.994443;0;0;-1.33545;106.317;165.9799;0.3075014;159.0076;359.4537
/home/anupam/roversim/data/IMG/robocam_2018_03_08_23_52_43_651.jpg;-0.005228519;0;0;-1.328253;106.3914;165.95;0.2604509;159.1265;359.2422
/home/anupam/roversim/data/IMG/robocam_2018_03_08_23_52_43_717.jpg;0;0;0;-1.319551;106.4661;165.9207;0.1963259;159.1419;359.07
/home/anupam/roversim/data/IMG/robocam_2018_03_08_23_52_43_784.jpg;3.004332;0;0;-1.3128;106.5667;165.8824;0.04264338;158.9349;358.9384
/home/anupam/roversim/data/IMG/robocam_2018_03_08_23_52_43_851.jpg;6.005788;0;0;-1.305894;106.6415;165.8551;359.9688;158.5139;358.9006
/home/anupam/roversim/data/IMG/robocam_2018_03_08_23_52_43_917.jpg;8.994509;0;0;-1.299556;106.7148;165.8289;359.9872;157.882;358.9344
/home/anupam/roversim/data/IMG/robocam_2018_03_08_23_52_43_984.jpg;11.9983;0;0;-1.293951;106.8119;165.7962;0.05974859;156.6554;359.0313
/home/anupam/roversim/data/IMG/robocam_2018_03_08_23_52_44_050.jpg;14.99422;0;0;-1.287376;106.8842;165.7722;0.1165478;155.4711;359.1209
/home/anupam/roversim/data/IMG/robocam_2018_03_08_23_52_44_116.jpg;15;0;0;-1.278638;106.9558;165.7472;0.1720156;154.2084;359.2482
/home/anupam/roversim/data/IMG/robocam_2018_03_08_23_52_44_184.jpg;15;0;0;-1.272919;107.0499;165.7119;0.2345141;152.5293;359.4802
/home/anupam/roversim/data/IMG/robocam_2018_03_08_23_52_44_250.jpg;15;0;0;-1.266999;107.1194;165.6838;0.2699042;151.2772;359.6916
/home/anupam/roversim/data/IMG/robocam_2018_03_08_23_52_44_317.jpg;15;0;0;-1.258749;107.1881;165.6544;0.2944248;150.0309;359.9265
/home/anupam/roversim/data/IMG/robocam_2018_03_08_23_52_44_384.jpg;12.01821;0;0;-1.252777;107.2777;165.612;0.3044467;148.5752;0.2883301
/home/anupam/roversim/data/IMG/robocam_2018_03_08_23_52_44_450.jpg;8.99741;0;0;-1.246917;107.3439;165.5777;0.2730969;147.7242;0.5662041
/home/anupam/roversim/data/IMG/robocam_2018_03_08_23_52_44_516.jpg;6.02417;0;0;-1.23725;107.4095;165.5414;0.1964308;147.0707;0.8205521
/home/anupam/roversim/data/IMG/robocam_2018_03_08_23_52_44_584.jpg;3.023969;0;0;-1.230227;107.496;165.4901;0.04153121;146.5596;1.109802
/home/anupam/roversim/data/IMG/robocam_2018_03_08_23_52_44_650.jpg;0.02251267;0;0;-1.222362;107.5595;165.451;359.9523;146.4232;1.207649
/home/anupam/roversim/data/IMG/robocam_2018_03_08_23_52_44_717.jpg;0;0;0;-1.215662;107.621;165.4133;0.0003226731;146.3588;1.123026
/home/anupam/roversim/data/IMG/robocam_2018_03_08_23_52_44_784.jpg;0;0;0;-1.211821;107.7019;165.3607;0.0221994;146.3364;0.9634463
/home/anupam/roversim/data/IMG/robocam_2018_03_08_23_52_44_850.jpg;0;0;0;-1.207786;107.762;165.3209;0.03644216;146.3322;0.8426785
/home/anupam/roversim/data/IMG/robocam_2018_03_08_23_52_44_917.jpg;0;0;0;-1.202456;107.8217;165.2811;0.05906565;146.3321;0.7208158
/home/anupam/roversim/data/IMG/robocam_2018_03_08_23_52_44_984.jpg;0;0;0;-1.198481;107.9009;165.2283;0.09462256;146.3322;0.5532585
/home/anupam/roversim/data/IMG/robocam_2018_03_08_23_52_45_051.jpg;0;0;0;-1.194477;107.96;165.1889;0.1238232;146.3322;0.4273939
/home/anupam/roversim/data/IMG/robocam_2018_03_08_23_52_45_116.jpg;0;0;0;-1.189096;108.0189;165.1496;0.1539385;146.3322;0.3042121
/home/anupam/roversim/data/IMG/robocam_2018_03_08_23_52_45_184.jpg;0;0;0;-1.185032;108.097;165.0974;0.1937411;146.3322;0.1480014
/home/anupam/roversim/data/IMG/robocam_2018_03_08_23_52_45_250.jpg;0;0;0;-1.180951;108.1555;165.0584;0.2221728;146.3322;0.03933028
/home/anupam/roversim/data/IMG/robocam_2018_03_08_23_52_45_316.jpg;0;0;0;-1.175491;108.2137;165.0194;0.248561;146.3322;359.9397
/home/anupam/roversim/data/IMG/robocam_2018_03_08_23_52_45_383.jpg;0;0;0;-1.171392;108.2911;164.9677;0.2795788;146.3321;359.8228
/home/anupam/roversim/data/IMG/robocam_2018_03_08_23_52_45_450.jpg;0;0;0;-1.167297;108.349;164.9288;0.2880257;146.3362;359.7593
/home/anupam/roversim/data/IMG/robocam_2018_03_08_23_52_45_516.jpg;0;0;0;-1.161366;108.4069;164.8899;0.284312;146.3392;359.7125
